{
  "parent": "builtin/generated",
  "textures": {
    "layer0": "flansmod:item/barrettexplosiveammo"
  },
  "display": {
    "thirdperson_lefthand": {
      "rotation": [
        0,
        90,
        -35
      ],
      "translation": [
        0,
        1.25,
        -2.5
      ],
      "scale": [
        0.85,
        0.85,
        0.85
      ]
    },
    "thirdperson_righthand": {
      "rotation": [
        0,
        90,
        -35
      ],
      "translation": [
        0,
        1.25,
        -2.5
      ],
      "scale": [
        0.85,
        0.85,
        0.85
      ]
    },
    "firstperson_lefthand": {
      "rotation": [
        0,
        -45,
        25
      ],
      "translation": [
        0,
        4,
        2
      ],
      "scale": [
        0.85,
        0.85,
        0.85
      ]
    },
    "firstperson_righthand": {
      "rotation": [
        0,
        -45,
        25
      ],
      "translation": [
        0,
        4,
        2
      ],
      "scale": [
        0.85,
        0.85,
        0.85
      ]
    }
  }
}