{
  "beartrap": {
    "category": "player",
    "sounds": [
      "flansmod:beartrap"
    ]
  },
  "creeperexplode": {
    "category": "player",
    "sounds": [
      "flansmod:creeperexplode"
    ]
  },
  "mp5kshoot": {
    "category": "player",
    "sounds": [
      "flansmod:mp5kshoot"
    ]
  },
  "mp5kreload": {
    "category": "player",
    "sounds": [
      "flansmod:mp5kreload"
    ]
  },
  "coltpythonshoot": {
    "category": "player",
    "sounds": [
      "flansmod:coltpythonshoot"
    ]
  },
  "coltpythonreload": {
    "category": "player",
    "sounds": [
      "flansmod:coltpythonreload"
    ]
  },
  "m4carbineshoot": {
    "category": "player",
    "sounds": [
      "flansmod:m4carbineshoot"
    ]
  },
  "m4carbinereload": {
    "category": "player",
    "sounds": [
      "flansmod:m4carbinereload"
    ]
  },
  "shotgunshoot": {
    "category": "player",
    "sounds": [
      "flansmod:shotgunshoot"
    ]
  },
  "shotgunreload": {
    "category": "player",
    "sounds": [
      "flansmod:shotgunreload"
    ]
  },
  "winchestermodel70shoot": {
    "category": "player",
    "sounds": [
      "flansmod:winchestermodel70shoot"
    ]
  },
  "winchestermodel70reload": {
    "category": "player",
    "sounds": [
      "flansmod:winchestermodel70reload"
    ]
  },
  "flaregunshoot": {
    "category": "player",
    "sounds": [
      "flansmod:flaregunshoot"
    ]
  },
  "flaregunreload": {
    "category": "player",
    "sounds": [
      "flansmod:flaregunreload"
    ]
  }
}