{
	"longstrikereload": {
		"category" : "player",
		"sounds" : [ "flansmod:longstrikereload" ]
	},
	
	"longstrikeshoot": {
		"category" : "player",
		"sounds" : [ "flansmod:longstrikeshoot" ]
	},
	
	"maverickreload": {
		"category" : "player",
		"sounds" : [ "flansmod:maverickreload" ]
	},
	
	"maverickshoot": {
		"category" : "player",
		"sounds" : [ "flansmod:maverickshoot" ]
	},
	
	"nitronreload": {
		"category" : "player",
		"sounds" : [ "flansmod:nitronreload" ]
	},
	
	"nitronshoot": {
		"category" : "player",
		"sounds" : [ "flansmod:nitronshoot" ]
	},
	
	"praxisreload": {
		"category" : "player",
		"sounds" : [ "flansmod:praxisreload" ]
	},
	
	"praxisshoot": {
		"category" : "player",
		"sounds" : [ "flansmod:praxisshoot" ]
	},
	
	"pyragonreload": {
		"category" : "player",
		"sounds" : [ "flansmod:pyragonreload" ]
	},
	
	"pyragonshoot": {
		"category" : "player",
		"sounds" : [ "flansmod:pyragonshoot" ]
	},
	
	"raiderreload": {
		"category" : "player",
		"sounds" : [ "flansmod:raiderreload" ]
	},
	
	"raidershoot": {
		"category" : "player",
		"sounds" : [ "flansmod:raidershoot" ]
	},
	
	"rampagereload": {
		"category" : "player",
		"sounds" : [ "flansmod:rampagereload" ]
	},
	
	"rampageshoot": {
		"category" : "player",
		"sounds" : [ "flansmod:rampageshoot" ]
	},
	
	"reconreload": {
		"category" : "player",
		"sounds" : [ "flansmod:reconreload" ]
	},
	
	"reconshoot": {
		"category" : "player",
		"sounds" : [ "flansmod:reconshoot" ]
	},
	
	"retaliatorreload": {
		"category" : "player",
		"sounds" : [ "flansmod:retaliatorreload" ]
	},
	
	"retaliatorshoot": {
		"category" : "player",
		"sounds" : [ "flansmod:retaliatorshoot" ]
	},
	
	"stampedereload": {
		"category" : "player",
		"sounds" : [ "flansmod:stampedereload" ]
	},
	
	"stampedeshoot": {
		"category" : "player",
		"sounds" : [ "flansmod:stampedeshoot" ]
	},
	
	"strongarmshoot": {
		"category" : "player",
		"sounds" : [ "flansmod:strongarmshoot" ]
	},
	
	"stryfereload": {
		"category" : "player",
		"sounds" : [ "flansmod:stryfereload" ]
	},
	
	"stryfeshoot": {
		"category" : "player",
		"sounds" : [ "flansmod:stryfeshoot" ]
	},
	
	"vulcanreload": {
		"category" : "player",
		"sounds" : [ "flansmod:vulcanreload" ]
	},
	
	"vulcanshoot": {
		"category" : "player",
		"sounds" : [ "flansmod:vulcanshoot" ]
	}
}