{
  "parent": "builtin/generated",
  "textures": {
    "layer0": "flansmod:item/mp5k_urban"
  },
  "display": {
    "thirdperson": {
      "rotation": [
        0,
        90,
        -45
      ],
      "translation": [
        0,
        2,
        -2
      ],
      "scale": [
        0,
        0,
        0
      ]
    },
    "firstperson": {
      "rotation": [
        0,
        -135,
        25
      ],
      "translation": [
        0,
        4,
        2
      ],
      "scale": [
        1.7,
        1.7,
        1.7
      ]
    }
  }
}