{
  "aafire": {
    "category": "player",
    "sounds": [
      "flansmod:aafire"
    ]
  },
  "bomb": {
    "category": "player",
    "sounds": [
      "flansmod:bomb"
    ]
  },
  "engine": {
    "category": "player",
    "sounds": [
      "flansmod:engine"
    ]
  },
  "flak": {
    "category": "player",
    "sounds": [
      "flansmod:flak"
    ]
  },
  "propsound": {
    "category": "player",
    "sounds": [
      "flansmod:propsound"
    ]
  },
  "propstart": {
    "category": "player",
    "sounds": [
      "flansmod:propstart"
    ]
  },
  "tankshell": {
    "category": "player",
    "sounds": [
      "flansmod:tankshell"
    ]
  },
  "barreload": {
    "category": "player",
    "sounds": [
      "flansmod:barreload"
    ]
  },
  "barshoot": {
    "category": "player",
    "sounds": [
      "flansmod:barshoot"
    ]
  },
  "bazookareload": {
    "category": "player",
    "sounds": [
      "flansmod:bazookareload"
    ]
  },
  "bazookashoot": {
    "category": "player",
    "sounds": [
      "flansmod:bazookashoot"
    ]
  },
  "brenreload": {
    "category": "player",
    "sounds": [
      "flansmod:brenreload"
    ]
  },
  "brenshoot": {
    "category": "player",
    "sounds": [
      "flansmod:brenshoot"
    ]
  },
  "browningreload": {
    "category": "player",
    "sounds": [
      "flansmod:browningreload"
    ]
  },
  "browningshoot": {
    "category": "player",
    "sounds": [
      "flansmod:browningshoot"
    ]
  },
  "coltreload": {
    "category": "player",
    "sounds": [
      "flansmod:coltreload"
    ]
  },
  "coltshoot": {
    "category": "player",
    "sounds": [
      "flansmod:coltshoot"
    ]
  },
  "dp28reload": {
    "category": "player",
    "sounds": [
      "flansmod:dp28reload"
    ]
  },
  "dp28shoot": {
    "category": "player",
    "sounds": [
      "flansmod:dp28shoot"
    ]
  },
  "flakvierlingshoot": {
    "category": "player",
    "sounds": [
      "flansmod:flakvierlingshoot"
    ]
  },
  "kar98kreload": {
    "category": "player",
    "sounds": [
      "flansmod:kar98kreload"
    ]
  },
  "kar98kshoot": {
    "category": "player",
    "sounds": [
      "flansmod:kar98kshoot"
    ]
  },
  "kar98ksniperreload": {
    "category": "player",
    "sounds": [
      "flansmod:kar98ksniperreload"
    ]
  },
  "kar98ksnipershoot": {
    "category": "player",
    "sounds": [
      "flansmod:kar98ksnipershoot"
    ]
  },
  "lancasterprop": {
    "category": "player",
    "sounds": [
      "flansmod:lancasterprop"
    ]
  },
  "leeenfieldreload": {
    "category": "player",
    "sounds": [
      "flansmod:leeenfieldreload"
    ]
  },
  "leeenfieldshoot": {
    "category": "player",
    "sounds": [
      "flansmod:leeenfieldshoot"
    ]
  },
  "lugerreload": {
    "category": "player",
    "sounds": [
      "flansmod:lugerreload"
    ]
  },
  "lugershoot": {
    "category": "player",
    "sounds": [
      "flansmod:lugershoot"
    ]
  },
  "m1carbinereload": {
    "category": "player",
    "sounds": [
      "flansmod:m1carbinereload"
    ]
  },
  "m1carbineshoot": {
    "category": "player",
    "sounds": [
      "flansmod:m1carbineshoot"
    ]
  },
  "m1garandreload": {
    "category": "player",
    "sounds": [
      "flansmod:m1garandreload"
    ]
  },
  "m1garandshoot": {
    "category": "player",
    "sounds": [
      "flansmod:m1garandshoot"
    ]
  },
  "mg42reload": {
    "category": "player",
    "sounds": [
      "flansmod:mg42reload"
    ]
  },
  "mg42shoot": {
    "category": "player",
    "sounds": [
      "flansmod:mg42shoot"
    ]
  },
  "mosinnagantshoot": {
    "category": "player",
    "sounds": [
      "flansmod:mosinnagantshoot"
    ]
  },
  "mosinnagantsnipershoot": {
    "category": "player",
    "sounds": [
      "flansmod:mosinnagantsnipershoot"
    ]
  },
  "mp40reload": {
    "category": "player",
    "sounds": [
      "flansmod:mp40reload"
    ]
  },
  "mp40shoot": {
    "category": "player",
    "sounds": [
      "flansmod:mp40shoot"
    ]
  },
  "mp44reload": {
    "category": "player",
    "sounds": [
      "flansmod:mp44reload"
    ]
  },
  "mp44shoot": {
    "category": "player",
    "sounds": [
      "flansmod:mp44shoot"
    ]
  },
  "planeshoot": {
    "category": "player",
    "sounds": [
      "flansmod:planeshoot"
    ]
  },
  "ppshreload": {
    "category": "player",
    "sounds": [
      "flansmod:ppshreload"
    ]
  },
  "ppshshoot": {
    "category": "player",
    "sounds": [
      "flansmod:ppshshoot"
    ]
  },
  "springfieldreload": {
    "category": "player",
    "sounds": [
      "flansmod:springfieldreload"
    ]
  },
  "springfieldshoot": {
    "category": "player",
    "sounds": [
      "flansmod:springfieldshoot"
    ]
  },
  "stenreload": {
    "category": "player",
    "sounds": [
      "flansmod:stenreload"
    ]
  },
  "stenshoot": {
    "category": "player",
    "sounds": [
      "flansmod:stenshoot"
    ]
  },
  "thompsonreload": {
    "category": "player",
    "sounds": [
      "flansmod:thompsonreload"
    ]
  },
  "thompsonshoot": {
    "category": "player",
    "sounds": [
      "flansmod:thompsonshoot"
    ]
  },
  "tt33reload": {
    "category": "player",
    "sounds": [
      "flansmod:tt33reload"
    ]
  },
  "tt33shoot": {
    "category": "player",
    "sounds": [
      "flansmod:tt33shoot"
    ]
  },
  "type38shoot": {
    "category": "player",
    "sounds": [
      "flansmod:type38shoot"
    ]
  },
  "type99shoot": {
    "category": "player",
    "sounds": [
      "flansmod:type99shoot"
    ]
  },
  "type100reload": {
    "category": "player",
    "sounds": [
      "flansmod:type100reload"
    ]
  },
  "type100shoot": {
    "category": "player",
    "sounds": [
      "flansmod:type100shoot"
    ]
  },
  "fg42reload": {
    "category": "player",
    "sounds": [
      "flansmod:fg42reload"
    ]
  },
  "fg42shoot": {
    "category": "player",
    "sounds": [
      "flansmod:fg42shoot"
    ]
  },
  "m3a1reload": {
    "category": "player",
    "sounds": [
      "flansmod:m3a1reload"
    ]
  },
  "m3a1shoot": {
    "category": "player",
    "sounds": [
      "flansmod:m3a1shoot"
    ]
  },
  "webleyreload": {
    "category": "player",
    "sounds": [
      "flansmod:webleyreload"
    ]
  },
  "webleyshoot": {
    "category": "player",
    "sounds": [
      "flansmod:webleyshoot"
    ]
  },
  "tank1shoot": {
    "category": "player",
    "sounds": [
      "flansmod:tank1shoot"
    ]
  },
  "tank2shoot": {
    "category": "player",
    "sounds": [
      "flansmod:tank2shoot"
    ]
  },
  "tank3shoot": {
    "category": "player",
    "sounds": [
      "flansmod:tank3shoot"
    ]
  },
  "tank4shoot": {
    "category": "player",
    "sounds": [
      "flansmod:tank4shoot"
    ]
  },
  "tankmove": {
    "category": "player",
    "sounds": [
      "flansmod:tankmove"
    ]
  },
  "tankidle": {
    "category": "player",
    "sounds": [
      "flansmod:tankidle"
    ]
  },
  "flak1shoot": {
    "category": "player",
    "sounds": [
      "flansmod:flak1shoot"
    ]
  },
  "flamethrowerwarmup": {
    "category": "player",
    "sounds": [
      "flansmod:flamethrowerwarmup"
    ]
  },
  "flamethrowerloop": {
    "category": "player",
    "sounds": [
      "flansmod:flamethrowerloop"
    ]
  },
  "flamethrowercooldown": {
    "category": "player",
    "sounds": [
      "flansmod:flamethrowercooldown"
    ]
  },
  "gewehr43shoot": {
    "category": "player",
    "sounds": [
      "flansmod:gewehr43shoot"
    ]
  },
  "50calshoot": {
    "category": "player",
    "sounds": [
      "flansmod:50calshoot"
    ]
  },
  "20mmplane": {
    "category": "player",
    "sounds": [
      "flansmod:20mmplane"
    ]
  },
  "ptboatidle": {
    "category": "player",
    "sounds": [
      "flansmod:ptboatidle"
    ]
  },
  "ptboatmove": {
    "category": "player",
    "sounds": [
      "flansmod:ptboatmove"
    ]
  },
  "57mmgun": {
    "category": "player",
    "sounds": [
      "flansmod:57mmgun"
    ]
  },
  "jeepidle": {
    "category": "player",
    "sounds": [
      "flansmod:jeepidle"
    ]
  },
  "jeepmove": {
    "category": "player",
    "sounds": [
      "flansmod:jeepmove"
    ]
  },
  "75mmgun": {
    "category": "player",
    "sounds": [
      "flansmod:75mmgun"
    ]
  },
  "88mmgun": {
    "category": "player",
    "sounds": [
      "flansmod:88mmgun"
    ]
  },
  "trenchgunshoot": {
    "category": "player",
    "sounds": [
      "flansmod:trenchgunshoot"
    ]
  },
  "trenchgunreload": {
    "category": "player",
    "sounds": [
      "flansmod:trenchgunreload"
    ]
  },
  "turrettraverse1": {
    "category": "player",
    "sounds": [
      "flansmod:turrettraverse1"
    ]
  },
  "turrettraverse2": {
    "category": "player",
    "sounds": [
      "flansmod:turrettraverse2"
    ]
  },
  "guncocking": {
	"category" : "player",
	"sounds" : [ "guncocking" ]
  },
  "bullet": {
    "category": "player",
    "sounds": [
      "flansmod:bullet1",
      "flansmod:bullet2",
      "flansmod:bullet3",
      "flansmod:bullet4"
    ]
  },
  "bulletflyby": {
    "category": "player",
    "sounds": [
      "flansmod:bulletair1",
      "flansmod:bulletair2",
      "flansmod:bulletair3",
      "flansmod:bulletair4",
      "flansmod:bulletair5",
      "flansmod:bulletair6",
      "flansmod:bulletair7"
    ]
  }
}