{
	"20mmcannonshoot": {
		"category" : "player",
		"sounds" : [ "flansmod:20mmcannonshoot" ]
	},

	"30calshoot": {
		"category" : "player",
		"sounds" : [ "flansmod:30calshoot" ]
	},

	"30mmshoot": {
		"category" : "player",
		"sounds" : [ "flansmod:30mmshoot" ]
	},

	"37mmshoot": {
		"category" : "player",
		"sounds" : [ "flansmod:37mmshoot" ]
	},

	"47mmshoot": {
		"category" : "player",
		"sounds" : [ "flansmod:47mmshoot" ]
	},

	"50calshoot": {
		"category" : "player",
		"sounds" : [ "flansmod:50calshoot" ]
	},

	"75mmshoot": {
		"category" : "player",
		"sounds" : [ "flansmod:75mmshoot" ]
	},

	"barreload": {
		"category" : "player",
		"sounds" : [ "flansmod:barreload" ]
	},

	"barshoot": {
		"category" : "player",
		"sounds" : [ "flansmod:barshoot" ]
	},

	"beartrap": {
		"category" : "player",
		"sounds" : [ "flansmod:beartrap" ]
	},

	"berezinubmgshoot": {
		"category" : "player",
		"sounds" : [ "flansmod:berezinubmgshoot" ]
	},

	"bf109_20mmshoot": {
		"category" : "player",
		"sounds" : [ "flansmod:bf109_20mmshoot" ]
	},

	"bombdrop": {
		"category" : "player",
		"sounds" : [ "flansmod:bombdrop" ]
	},

	"breach": {
		"category" : "player",
		"sounds" : [ "flansmod:breach" ]
	},

	"brenshoot": {
		"category" : "player",
		"sounds" : [ "flansmod:brenshoot" ]
	},

	"c96reload": {
		"category" : "player",
		"sounds" : [ "flansmod:c96reload" ]
	},

	"c96shoot": {
		"category" : "player",
		"sounds" : [ "flansmod:c96shoot" ]
	},

	"coltshoot": {
		"category" : "player",
		"sounds" : [ "flansmod:coltshoot" ]
	},

	"dp28shoot": {
		"category" : "player",
		"sounds" : [ "flansmod:dp28shoot" ]
	},

	"engine_ht_is": {
		"category" : "player",
		"sounds" : [ "flansmod:engine_ht_is" ]
	},

	"engine_ht_pzv": {
		"category" : "player",
		"sounds" : [ "flansmod:engine_ht_pzv" ]
	},

	"engine_ht_pzvi": {
		"category" : "player",
		"sounds" : [ "flansmod:engine_ht_pzvi" ]
	},

	"engine_ht_pzvikt": {
		"category" : "player",
		"sounds" : [ "flansmod:engine_ht_pzvikt" ]
	},

	"engine_lt_armoredcar": {
		"category" : "player",
		"sounds" : [ "flansmod:engine_lt_armoredcar" ]
	},

	"engine_lt_bt": {
		"category" : "player",
		"sounds" : [ "flansmod:engine_lt_bt" ]
	},

	"engine_lt_lvt": {
		"category" : "player",
		"sounds" : [ "flansmod:engine_lt_lvt" ]
	},

	"engine_lt_m5": {
		"category" : "player",
		"sounds" : [ "flansmod:engine_lt_m5" ]
	},

	"engine_lt_pzii": {
		"category" : "player",
		"sounds" : [ "flansmod:engine_lt_pzii" ]
	},

	"engine_lt_truck": {
		"category" : "player",
		"sounds" : [ "flansmod:engine_lt_truck" ]
	},

	"engine_mt_chinu": {
		"category" : "player",
		"sounds" : [ "flansmod:engine_mt_chinu" ]
	},

	"engine_mt_comet": {
		"category" : "player",
		"sounds" : [ "flansmod:engine_mt_comet" ]
	},

	"engine_mt_m26": {
		"category" : "player",
		"sounds" : [ "flansmod:engine_mt_m26" ]
	},

	"engine_mt_m4": {
		"category" : "player",
		"sounds" : [ "flansmod:engine_mt_m4" ]
	},

	"engine_mt_m4a3": {
		"category" : "player",
		"sounds" : [ "flansmod:engine_mt_m4a3" ]
	},

	"engine_mt_pziii": {
		"category" : "player",
		"sounds" : [ "flansmod:engine_mt_pziii" ]
	},

	"engine_mt_pziv": {
		"category" : "player",
		"sounds" : [ "flansmod:engine_mt_pziv" ]
	},

	"engine_mt_t34": {
		"category" : "player",
		"sounds" : [ "flansmod:engine_mt_t34" ]
	},

	"engine_td_m18": {
		"category" : "player",
		"sounds" : [ "flansmod:engine_td_m18" ]
	},

	"engine_tr_halftrack": {
		"category" : "player",
		"sounds" : [ "flansmod:engine_tr_halftrack" ]
	},

	"fg42shoot": {
		"category" : "player",
		"sounds" : [ "flansmod:fg42shoot" ]
	},

	"fighterengine": {
		"category" : "player",
		"sounds" : [ "flansmod:fighterengine" ]
	},

	"fighterstart": {
		"category" : "player",
		"sounds" : [ "flansmod:fighterstart" ]
	},

	"g43shoot": {
		"category" : "player",
		"sounds" : [ "flansmod:g43shoot" ]
	},

	"greasegunreload": {
		"category" : "player",
		"sounds" : [ "flansmod:greasegunreload" ]
	},

	"greasegunshoot": {
		"category" : "player",
		"sounds" : [ "flansmod:greasegunshoot" ]
	},

	"jeepback": {
		"category" : "player",
		"sounds" : [ "flansmod:jeepback" ]
	},

	"jeepidle": {
		"category" : "player",
		"sounds" : [ "flansmod:jeepidle" ]
	},

	"jeepmove": {
		"category" : "player",
		"sounds" : [ "flansmod:jeepmove" ]
	},

	"kar98kreload": {
		"category" : "player",
		"sounds" : [ "flansmod:kar98kreload" ]
	},

	"kar98kshoot": {
		"category" : "player",
		"sounds" : [ "flansmod:kar98kshoot" ]
	},

	"largeimpact": {
		"category" : "player",
		"sounds" : [ "flansmod:largeimpact" ]
	},

	"leeenfieldshoot": {
		"category" : "player",
		"sounds" : [ "flansmod:leeenfieldshoot" ]
	},

	"lugerreload": {
		"category" : "player",
		"sounds" : [ "flansmod:lugerreload" ]
	},

	"lugershoot": {
		"category" : "player",
		"sounds" : [ "flansmod:lugershoot" ]
	},

	"m1903springfieldshoot": {
		"category" : "player",
		"sounds" : [ "flansmod:m1903springfieldshoot" ]
	},

	"m1carbinereload": {
		"category" : "player",
		"sounds" : [ "flansmod:m1carbinereload" ]
	},

	"m1carbineshoot": {
		"category" : "player",
		"sounds" : [ "flansmod:m1carbineshoot" ]
	},

	"m1garandreload": {
		"category" : "player",
		"sounds" : [ "flansmod:m1garandreload" ]
	},

	"m1garandshoot": {
		"category" : "player",
		"sounds" : [ "flansmod:m1garandshoot" ]
	},

	"mediumimpact": {
		"category" : "player",
		"sounds" : [ "flansmod:mediumimpact" ]
	},

	"mg34reload": {
		"category" : "player",
		"sounds" : [ "flansmod:mg34reload" ]
	},

	"mg34shoot": {
		"category" : "player",
		"sounds" : [ "flansmod:mg34shoot" ]
	},

	"mg42shoot": {
		"category" : "player",
		"sounds" : [ "flansmod:mg42shoot" ]
	},

	"model10trenchgunreload": {
		"category" : "player",
		"sounds" : [ "flansmod:model10trenchgunreload" ]
	},

	"model10trenchgunshoot": {
		"category" : "player",
		"sounds" : [ "flansmod:model10trenchgunshoot" ]
	},

	"modell1915reload": {
		"category" : "player",
		"sounds" : [ "flansmod:modell1915reload" ]
	},

	"modell1915shoot": {
		"category" : "player",
		"sounds" : [ "flansmod:modell1915shoot" ]
	},

	"mortarshoot": {
		"category" : "player",
		"sounds" : [ "flansmod:mortarshoot" ]
	},

	"mosinnagantshoot": {
		"category" : "player",
		"sounds" : [ "flansmod:mosinnagantshoot" ]
	},

	"mp40reload": {
		"category" : "player",
		"sounds" : [ "flansmod:mp40reload" ]
	},

	"mp40shoot": {
		"category" : "player",
		"sounds" : [ "flansmod:mp40shoot" ]
	},

	"oldmg34shoot": {
		"category" : "player",
		"sounds" : [ "flansmod:oldmg34shoot" ]
	},

	"panzerschreckreload": {
		"category" : "player",
		"sounds" : [ "flansmod:panzerschreckreload" ]
	},

	"panzerschreckshoot": {
		"category" : "player",
		"sounds" : [ "flansmod:panzerschreckshoot" ]
	},

	"plane30calshoot": {
		"category" : "player",
		"sounds" : [ "flansmod:plane30calshoot" ]
	},

	"plane50calshoot": {
		"category" : "player",
		"sounds" : [ "flansmod:plane50calshoot" ]
	},

	"planemgshoot": {
		"category" : "player",
		"sounds" : [ "flansmod:planemgshoot" ]
	},

	"pps43shoot": {
		"category" : "player",
		"sounds" : [ "flansmod:pps43shoot" ]
	},

	"ppsh41shoot": {
		"category" : "player",
		"sounds" : [ "flansmod:ppsh41shoot" ]
	},

	"ptboatidle": {
		"category" : "player",
		"sounds" : [ "flansmod:ptboatidle" ]
	},

	"ptboatmove": {
		"category" : "player",
		"sounds" : [ "flansmod:ptboatmove" ]
	},

	"rocketshoot": {
		"category" : "player",
		"sounds" : [ "flansmod:rocketshoot" ]
	},

	"shoot_100mmussr": {
		"category" : "player",
		"sounds" : [ "flansmod:shoot_100mmussr" ]
	},

	"shoot_105mm": {
		"category" : "player",
		"sounds" : [ "flansmod:shoot_105mm" ]
	},

	"shoot_122mmussr": {
		"category" : "player",
		"sounds" : [ "flansmod:shoot_122mmussr" ]
	},

	"shoot_152mm": {
		"category" : "player",
		"sounds" : [ "flansmod:shoot_152mm" ]
	},

	"shoot_20mmaade": {
		"category" : "player",
		"sounds" : [ "flansmod:shoot_20mmaade" ]
	},

	"shoot_20mmpzii": {
		"category" : "player",
		"sounds" : [ "flansmod:shoot_20mmpzii" ]
	},

	"shoot_37mde": {
		"category" : "player",
		"sounds" : [ "flansmod:shoot_37mde" ]
	},

	"shoot_37mm": {
		"category" : "player",
		"sounds" : [ "flansmod:shoot_37mm" ]
	},

	"shoot_37mus": {
		"category" : "player",
		"sounds" : [ "flansmod:shoot_37mus" ]
	},

	"shoot_45mmussr": {
		"category" : "player",
		"sounds" : [ "flansmod:shoot_45mmussr" ]
	},

	"shoot_47mm": {
		"category" : "player",
		"sounds" : [ "flansmod:shoot_47mm" ]
	},

	"shoot_50mmde": {
		"category" : "player",
		"sounds" : [ "flansmod:shoot_50mmde" ]
	},

	"shoot_57mm": {
		"category" : "player",
		"sounds" : [ "flansmod:shoot_57mm" ]
	},

	"shoot_57mmuk": {
		"category" : "player",
		"sounds" : [ "flansmod:shoot_57mmuk" ]
	},

	"shoot_75mmde": {
		"category" : "player",
		"sounds" : [ "flansmod:shoot_75mmde" ]
	},

	"shoot_75mmjp": {
		"category" : "player",
		"sounds" : [ "flansmod:shoot_75mmjp" ]
	},

	"shoot_75mmlongde": {
		"category" : "player",
		"sounds" : [ "flansmod:shoot_75mmlongde" ]
	},

	"shoot_75mmlongjp": {
		"category" : "player",
		"sounds" : [ "flansmod:shoot_75mmlongjp" ]
	},

	"shoot_75mmus": {
		"category" : "player",
		"sounds" : [ "flansmod:shoot_75mmus" ]
	},

	"shoot_76mmuk": {
		"category" : "player",
		"sounds" : [ "flansmod:shoot_76mmuk" ]
	},

	"shoot_76mmus": {
		"category" : "player",
		"sounds" : [ "flansmod:shoot_76mmus" ]
	},

	"shoot_76mmussr": {
		"category" : "player",
		"sounds" : [ "flansmod:shoot_76mmussr" ]
	},

	"shoot_85mmussr": {
		"category" : "player",
		"sounds" : [ "flansmod:shoot_85mmussr" ]
	},

	"shoot_88flakde": {
		"category" : "player",
		"sounds" : [ "flansmod:shoot_88flakde" ]
	},

	"shoot_88mmde": {
		"category" : "player",
		"sounds" : [ "flansmod:shoot_88mmde" ]
	},

	"shoot_88mmlongde": {
		"category" : "player",
		"sounds" : [ "flansmod:shoot_88mmlongde" ]
	},

	"shoot_90mmus": {
		"category" : "player",
		"sounds" : [ "flansmod:shoot_90mmus" ]
	},

	"shoot_mg_dt28": {
		"category" : "player",
		"sounds" : [ "flansmod:shoot_mg_dt28" ]
	},

	"shoot_mg_m2hb": {
		"category" : "player",
		"sounds" : [ "flansmod:shoot_mg_m2hb" ]
	},

	"shoot_mg_m2m1919": {
		"category" : "player",
		"sounds" : [ "flansmod:shoot_mg_m2m1919" ]
	},

	"shoot_mg_type97": {
		"category" : "player",
		"sounds" : [ "flansmod:shoot_mg_type97" ]
	},

	"shoot_stalinorgel": {
		"category" : "player",
		"sounds" : [ "flansmod:shoot_stalinorgel" ]
	},

	"sksshoot": {
		"category" : "player",
		"sounds" : [ "flansmod:sksshoot" ]
	},

	"smallimpact": {
		"category" : "player",
		"sounds" : [ "flansmod:smallimpact" ]
	},

	"smokegrenadeshoot": {
		"category" : "player",
		"sounds" : [ "flansmod:smokegrenadeshoot" ]
	},

	"spitfire_20mmshoot": {
		"category" : "player",
		"sounds" : [ "flansmod:spitfire_20mmshoot" ]
	},

	"stenreload": {
		"category" : "player",
		"sounds" : [ "flansmod:stenreload" ]
	},

	"stenshoot": {
		"category" : "player",
		"sounds" : [ "flansmod:stenshoot" ]
	},

	"sterlingshoot": {
		"category" : "player",
		"sounds" : [ "flansmod:sterlingshoot" ]
	},

	"stg44reload": {
		"category" : "player",
		"sounds" : [ "flansmod:stg44reload" ]
	},

	"stg44shoot": {
		"category" : "player",
		"sounds" : [ "flansmod:stg44shoot" ]
	},

	"tankback1": {
		"category" : "player",
		"sounds" : [ "flansmod:tankback1" ]
	},

	"tankback2": {
		"category" : "player",
		"sounds" : [ "flansmod:tankback2" ]
	},

	"tankback3": {
		"category" : "player",
		"sounds" : [ "flansmod:tankback3" ]
	},

	"tankidle1": {
		"category" : "player",
		"sounds" : [ "flansmod:tankidle1" ]
	},

	"tankidle2": {
		"category" : "player",
		"sounds" : [ "flansmod:tankidle2" ]
	},

	"tankidle3": {
		"category" : "player",
		"sounds" : [ "flansmod:tankidle3" ]
	},

	"tankplace": {
		"category" : "player",
		"sounds" : [ "flansmod:tankplace" ]
	},

	"tankreload1": {
		"category" : "player",
		"sounds" : [ "flansmod:tankreload1" ]
	},

	"tankrun1": {
		"category" : "player",
		"sounds" : [ "flansmod:tankrun1" ]
	},

	"tankrun2": {
		"category" : "player",
		"sounds" : [ "flansmod:tankrun2" ]
	},

	"tankrun3": {
		"category" : "player",
		"sounds" : [ "flansmod:tankrun3" ]
	},

	"thompsonm1a1reload": {
		"category" : "player",
		"sounds" : [ "flansmod:thompsonm1a1reload" ]
	},

	"thompsonm1a1shoot": {
		"category" : "player",
		"sounds" : [ "flansmod:thompsonm1a1shoot" ]
	},

	"turrettraverse1": {
		"category" : "player",
		"sounds" : [ "flansmod:turrettraverse1" ]
	},

	"turrettraverse2": {
		"category" : "player",
		"sounds" : [ "flansmod:turrettraverse2" ]
	},

	"type100shoot": {
		"category" : "player",
		"sounds" : [ "flansmod:type100shoot" ]
	},

	"type99shoot": {
		"category" : "player",
		"sounds" : [ "flansmod:type99shoot" ]
	},

	"winchestermodel70shoot": {
		"category" : "player",
		"sounds" : [ "flansmod:winchestermodel70shoot" ]
	},

	"yak_37mmshoot": {
		"category" : "player",
		"sounds" : [ "flansmod:yak_37mmshoot" ]
	}
}